model,n_estimators,contamination,f1,n_neighbors
IsolationForest,100.0,0.05,0.5255,
IsolationForest,100.0,0.08,0.492,
IsolationForest,100.0,0.1,0.4641,
IsolationForest,200.0,0.05,0.5469,
IsolationForest,200.0,0.08,0.5113,
IsolationForest,200.0,0.1,0.4843,
IsolationForest,300.0,0.05,0.5569,
IsolationForest,300.0,0.08,0.5113,
IsolationForest,300.0,0.1,0.4957,
LOF,,0.05,0.1288,10.0
LOF,,0.08,0.1169,10.0
LOF,,0.1,0.114,10.0
LOF,,0.05,0.1385,20.0
LOF,,0.08,0.1607,20.0
LOF,,0.1,0.1598,20.0
LOF,,0.05,0.1265,30.0
LOF,,0.08,0.1824,30.0
LOF,,0.1,0.1832,30.0
LOF,,0.05,0.1245,50.0
LOF,,0.08,0.1595,50.0
LOF,,0.1,0.1685,50.0
